name,email,organization,size,phone,targetUrl,timestamp
test-1 test last,testmail@gmail.com,test company,1-10,1234567890,https://thethrone.in/,2025-04-02 19:15:28
test-2,testmail@gmail.com,test company,1-10,1234567890,https://thethrone.in,2025-04-07 10:21:37
test name,testmail.@test.com,test company,201-500,1234567890,https://thethrone.in,2025-04-07 16:56:31
test name,testmail.@test.com,test company,11-50,11234567890,http://testphp.vulnweb.com/,2025-04-07 17:27:23
test name 8,testmail8.@test.com,test company8,1-10,12345678908,https://thethrone.in,2025-04-07 17:37:33
test name 8,testmail8.@test.com,test company8,1-10,1234567898,https://virtuestech.com,2025-04-07 18:23:48
test-2,testmail@gmail.com,test company,11-50,1234567888,http://testphp.vulnweb.com/,2025-04-07 18:54:54
test name -11,testmail.@test.com,test company,11-50,1234567890,https://thethrone.in,2025-04-07 19:27:10
Satish Chandra Chowdary Yadlapalli,satishchoudhari13579@gmail.com,Accenture,1-10,09505644678,https://thethrone.in,2025-04-07 22:03:48
Satish Chandra Chowdary Yadlapalli,satishchoudhari13579@gmail.com,google,1-10,09505644678,https://thethrone.in,2025-04-07 22:25:50
