http://testphp.vulnweb.com/,1743484261.4828753
http://gfd.ggr.xs.24.co,1743484576.285116
https://.ekrjgrkj.com,1743484596.228679
https://thethrone.com,1743484612.7781513
https://ibihb.in,1743484817.9137347
htpps://thethrone.in,1743484828.4622788
https://thethrone.in/,1743484845.6606517
http://testphp.vulnweb.com/,1743484930.694623
https://thethrone.in,1743485689.023367
https://thethrone.in,1743486109.2418826
https://thethrone.in,1743486285.664449
https://thethrone.in,1743496304.240205
https://thethrone.in,1743573031.1252015
https://thethrone.in,1743573449.5457196
https://thethrone.in,1743573778.555988
https://virtuestech.com,1743575317.7437015
https://thethrone.in,1743577283.8839173
https://thethrone.in,1743577690.8838665
https://thethrone.in,1743577754.861135
https://thethrone.in,1743577999.700848
https://thethrone.in,1743578859.698698
https://thethrone.in,1743579082.1295424
https://thethrone.in,1743579573.1307893
https://thethrone.in,1743580722.120455
https://thethrone.in,1743599125.9487643
https://thethrone.in,1743599861.8420768
https://thethrone.in,1743599978.4830506
https://thethrone.in/,1743600228.9718795
https://thethrone.in/,1743600542.0926144
https://thethrone.in/,1743601477.867925
https://thethrone.in,1743777210.0269191
https://thethrone.in,1743777796.6637938
https://thethrone.in,1744001353.1181836
https://thethrone.in,1744001373.135178
https://thethrone.in,1744001467.9442143
https://thethrone.in,1744020930.2767391
https://thethrone.in,1744021388.9060633
http://testphp.vulnweb.com/,1744021518.216746
http://testphp.vulnweb.com/,1744021875.2690825
http://testphp.vulnweb.com/,1744022570.4553022
http://thethrone.in,1744022817.3936944
http://thethrone.in,1744023277.2551248
http://thethrone.in,1744023361.2566984
http://thethrone.in,1744023452.9838736
http://testphp.vulnweb.com/,1744023606.8135588
https://thethrone.in,1744023652.8122988
https://thethrone.in,1744023898.9150841
https://thethrone.in,1744024247.4258199
https://thethrone.in,1744024998.4881718
https://thethrone.in,1744026581.4704146
https://thethrone.com,1744026629.1063044
http://testphp.vulnweb.com/,1744026713.5408843
http://testphp.vulnweb.com/,1744026811.9645865
http://testphp.vulnweb.com/,1744026877.4238615
https://thethrone.in,1744027592.5952415
https://virtuestech.com,1744027945.8206644
https://virtuestech.com,1744030189.841472
https://thethrone.in,1744032112.9636643
http://testphp.vulnweb.com/,1744032244.5685627
